"iso","umd_tree_cover_extent_2000__ha","area__ha"
"PHL",4585030.749521228,4588541.111488835
